idBerita,Headline,Content
101,Rupiah Menguat,"Rupiah hari ini kembali menguat terhadap Dolar AS, didukung oleh sentimen positif pasar dan intervensi Bank Indonesia. Para pengamat ekonomi menilai langkah pemerintah sudah sangat tepat dan patut diapresiasi!"
102,Kenaikan Harga Bahan Pokok,"Harga bahan pokok di beberapa pasar tradisional mengalami kenaikan signifikan. Warga mengeluhkan harga yang terus merangkak naik, dan berharap ada solusi konkret dari pemerintah."
103,Pembangunan Infrastruktur di Daerah,"Pemerintah melanjutkan proyek pembangunan infrastruktur di daerah terpencil. Proyek ini diharapkan dapat membuka akses dan meningkatkan perekonomian lokal."
104,Keputusan Politik Baru,"Sebuah keputusan politik kontroversial diambil oleh parlemen kemarin. Keputusan ini menuai pro dan kontra dari berbagai pihak dan menjadi topik hangat di media sosial."
105,Pencapaian Ekspor Indonesia,"Ekspor Indonesia mencatat rekor tertinggi di kuartal kedua. Capaian ini menjadi sinyal positif bagi kestabilan ekonomi dan menunjukkan daya saing produk lokal di pasar global!"
106,Tantangan Inflasi Global,"Inflasi global menjadi tantangan serius bagi semua negara, termasuk Indonesia. Pemerintah berupaya keras untuk menjaga stabilitas harga dan daya beli masyarakat."
107,Revisi Kebijakan Pajak,"Kebijakan pajak baru akan direvisi setelah mendapat banyak masukan dari pelaku usaha. Langkah ini dianggap bijak untuk menciptakan iklim investasi yang lebih baik."
108,Sosialisasi Program Bantuan Sosial,"Pemerintah gencar melakukan sosialisasi program bantuan sosial baru untuk masyarakat kurang mampu. Program ini diharapkan dapat meringankan beban ekonomi warga."
109,Polemik RUU Kesehatan,"Rancangan Undang-Undang (RUU) Kesehatan menjadi polemik di masyarakat. Pihak pro dan kontra saling melontarkan argumen dan mengadakan demonstrasi damai."
110,Pertumbuhan Startup Lokal,"Ekosistem startup lokal menunjukkan pertumbuhan yang pesat. Banyak investor tertarik untuk menanamkan modal di perusahaan rintisan Indonesia, menciptakan lapangan kerja baru."